{"cameraMode":{"drawMode":0,"name":"Shaded","section":"Shading Mode"},"sceneLighting":true,"audioPlay":false,"sceneViewState":{"showFog":false,"showMaterialUpdate":false,"showSkybox":false,"showFlares":false,"showImageEffects":false,"showParticleSystems":false},"in2DMode":false,"pivot":{"x":243.5218048095703,"y":0.7917743921279907,"z":155.41372680664063},"rotation":{"x":0.2781393527984619,"y":-0.29199743270874026,"z":0.08917374908924103,"w":0.9107272624969482},"size":4.333324909210205,"orthographic":false}