{"cameraMode":{"drawMode":0,"name":"Shaded","section":"Shading Mode"},"sceneLighting":true,"audioPlay":false,"sceneViewState":{"showFog":false,"showMaterialUpdate":false,"showSkybox":false,"showFlares":false,"showImageEffects":false,"showParticleSystems":false},"in2DMode":false,"pivot":{"x":227.91622924804688,"y":51.57560729980469,"z":-61.70777893066406},"rotation":{"x":0.32232365012168887,"y":0.26799851655960085,"z":-0.09567930549383164,"w":0.9028453230857849},"size":276.997802734375,"orthographic":false}