{"cameraMode":{"drawMode":0,"name":"Shaded","section":"Shading Mode"},"sceneLighting":true,"audioPlay":false,"sceneViewState":{"showFog":false,"showMaterialUpdate":false,"showSkybox":false,"showFlares":false,"showImageEffects":false,"showParticleSystems":false},"in2DMode":false,"pivot":{"x":226.99935913085938,"y":-0.20955491065979005,"z":156.42115783691407},"rotation":{"x":-0.06456020474433899,"y":0.6751142740249634,"z":-0.059500548988580707,"w":-0.7324700355529785},"size":14.484501838684082,"orthographic":false}