{"cameraMode":{"drawMode":0,"name":"Shaded","section":"Shading Mode"},"sceneLighting":true,"audioPlay":false,"sceneViewState":{"showFog":false,"showMaterialUpdate":false,"showSkybox":false,"showFlares":false,"showImageEffects":false,"showParticleSystems":false},"in2DMode":false,"pivot":{"x":392.17047119140627,"y":37.0697021484375,"z":6.080322265625},"rotation":{"x":0.2310161292552948,"y":0.30024242401123049,"z":-0.07519505172967911,"w":0.9224054217338562},"size":1138.8046875,"orthographic":false}