{"cameraMode":{"drawMode":0,"name":"Shaded","section":"Shading Mode"},"sceneLighting":true,"audioPlay":false,"sceneViewState":{"showFog":false,"showMaterialUpdate":false,"showSkybox":false,"showFlares":false,"showImageEffects":false,"showParticleSystems":false},"in2DMode":false,"pivot":{"x":211.07968139648438,"y":240.51068115234376,"z":41.944305419921878},"rotation":{"x":0.09938307106494904,"y":0.030198216438293458,"z":0.00301886023953557,"w":-0.9945863485336304},"size":540.4324951171875,"orthographic":false}