{"cameraMode":{"drawMode":0,"name":"Shaded","section":"Shading Mode"},"sceneLighting":true,"audioPlay":false,"sceneViewState":{"showFog":false,"showMaterialUpdate":false,"showSkybox":false,"showFlares":false,"showImageEffects":false,"showParticleSystems":false},"in2DMode":false,"pivot":{"x":246.63536071777345,"y":0.6337597370147705,"z":164.6794891357422},"rotation":{"x":0.0798616111278534,"y":0.1061885878443718,"z":-0.008559160865843296,"w":0.9910967946052551},"size":14.004447937011719,"orthographic":false}