{"cameraMode":{"drawMode":0,"name":"Shaded","section":"Shading Mode"},"sceneLighting":true,"audioPlay":false,"sceneViewState":{"showFog":false,"showMaterialUpdate":false,"showSkybox":false,"showFlares":false,"showImageEffects":false,"showParticleSystems":false},"in2DMode":false,"pivot":{"x":217.9975128173828,"y":-0.20777392387390138,"z":157.8922576904297},"rotation":{"x":-0.04151024669408798,"y":0.6532484292984009,"z":-0.035904597491025928,"w":-0.7551518678665161},"size":23.507232666015626,"orthographic":false}