{"cameraMode":{"drawMode":0,"name":"Shaded","section":"Shading Mode"},"sceneLighting":true,"audioPlay":false,"sceneViewState":{"showFog":false,"showMaterialUpdate":false,"showSkybox":false,"showFlares":false,"showImageEffects":false,"showParticleSystems":false},"in2DMode":false,"pivot":{"x":401.1274719238281,"y":60.170162200927737,"z":-725.0598754882813},"rotation":{"x":0.006678025238215923,"y":0.9780123829841614,"z":-0.03170004487037659,"w":0.2060154676437378},"size":1041.4466552734375,"orthographic":false}