{"cameraMode":{"drawMode":0,"name":"Shaded","section":"Shading Mode"},"sceneLighting":true,"audioPlay":false,"sceneViewState":{"showFog":false,"showMaterialUpdate":false,"showSkybox":false,"showFlares":false,"showImageEffects":false,"showParticleSystems":false},"in2DMode":false,"pivot":{"x":238.17437744140626,"y":-0.08779144287109375,"z":159.39833068847657},"rotation":{"x":-0.28634193539619448,"y":0.0035187220200896265,"z":-0.0010485360398888589,"w":-0.9581204652786255},"size":8.390949249267579,"orthographic":false}