{"cameraMode":{"drawMode":0,"name":"Shaded","section":"Shading Mode"},"sceneLighting":true,"audioPlay":false,"sceneViewState":{"showFog":false,"showMaterialUpdate":false,"showSkybox":false,"showFlares":false,"showImageEffects":false,"showParticleSystems":false},"in2DMode":false,"pivot":{"x":237.31082153320313,"y":1.1145622730255128,"z":154.79119873046876},"rotation":{"x":-0.008553273975849152,"y":0.6620964407920837,"z":-0.007553442381322384,"w":-0.7493318319320679},"size":10.006363868713379,"orthographic":false}